Time, Location, On Reward, Lap Number, TTL Number
1752135822235, 235.85493243833346, false, 1, 1
1752135822256, 235.85493243833346, false, 1, 2
1752135822274, 235.85493243833346, false, 1, 3
1752135822293, 235.85493243833346, false, 1, 4
1752135822314, 235.85493243833346, false, 1, 5
1752135822333, 235.85493243833346, false, 1, 6
1752135822353, 235.85493243833346, false, 1, 7
1752135822374, 235.85493243833346, false, 1, 8
1752135822393, 235.85493243833346, false, 1, 9
1752135822413, 235.85493243833346, false, 1, 10
1752135822432, 235.85493243833346, false, 1, 11
1752135822452, 235.85493243833346, false, 1, 12
1752135822473, 235.85493243833346, false, 1, 13
1752135822493, 235.85493243833346, false, 1, 14
1752135822512, 235.85493243833346, false, 1, 15
1752135822532, 235.85493243833346, false, 1, 16
1752135822550, 235.85493243833346, false, 1, 17
1752135822570, 235.85493243833346, false, 1, 18
1752135822591, 235.85493243833346, false, 1, 19
1752135822610, 235.85493243833346, false, 1, 20
1752135822630, 235.85493243833346, false, 1, 21
1752135822701, 235.85493243833346, false, 1, 22
1752135822810, 235.85493243833346, false, 1, 23
1752135822812, 235.85493243833346, false, 1, 24
1752135823041, 235.85493243833346, false, 1, 25
1752135823042, 235.85493243833346, false, 1, 26
1752135823049, 235.85493243833346, false, 1, 27
1752135823210, 235.85493243833346, false, 1, 28
1752135823212, 235.85493243833346, false, 1, 29
1752135823231, 235.85493243833346, false, 1, 30
1752135823251, 235.85493243833346, false, 1, 31
1752135823270, 235.85493243833346, false, 1, 32
1752135823291, 235.85493243833346, false, 1, 33
1752135823311, 235.85493243833346, false, 1, 34
1752135823331, 235.85493243833346, false, 1, 35
1752135823351, 235.85493243833346, false, 1, 36
1752135823362, 235.85493243833346, false, 1, 37
1752135823494, 235.85493243833346, false, 1, 38
1752135823500, 235.85493243833346, false, 1, 39
1752135823501, 235.85493243833346, false, 1, 40
1752135823517, 235.85493243833346, false, 1, 41
1752135823530, 235.85493243833346, false, 1, 42
1752135823542, 235.85493243833346, false, 1, 43
1752135823582, 235.85493243833346, false, 1, 44
1752135823703, 235.85493243833346, false, 1, 45
1752135823721, 235.85493243833346, false, 1, 46
1752135823790, 235.85493243833346, false, 1, 47
1752135823840, 235.85493243833346, false, 1, 48
1752135823927, 235.85493243833346, false, 1, 49
1752135823962, 235.85493243833346, false, 1, 50
1752135823980, 235.85493243833346, false, 1, 51
1752135824009, 235.85493243833346, false, 1, 52
1752135824022, 235.85493243833346, false, 1, 53
1752135824031, 235.85493243833346, false, 1, 54
1752135824032, 235.85493243833346, false, 1, 55
1752135824039, 235.85493243833346, false, 1, 56
1752135824102, 235.85493243833346, false, 1, 57
1752135824170, 235.85493243833346, false, 1, 58
1752135824190, 235.85493243833346, false, 1, 59
1752135824210, 235.85493243833346, false, 1, 60
1752135824288, 235.85493243833346, false, 1, 61
1752135824289, 235.85493243833346, false, 1, 62
1752135824629, 235.85493243833346, false, 1, 63
1752135824649, 235.85493243833346, false, 1, 64
1752135824669, 235.85493243833346, false, 1, 65
1752135824688, 235.85493243833346, false, 1, 66
1752135824709, 235.85493243833346, false, 1, 67
1752135824729, 235.85493243833346, false, 1, 68
1752135824749, 235.85493243833346, false, 1, 69
1752135824769, 235.85493243833346, false, 1, 70
1752135824789, 235.85493243833346, false, 1, 71
1752135824809, 235.85493243833346, false, 1, 72
1752135824829, 235.85493243833346, false, 1, 73
1752135824849, 235.85493243833346, false, 1, 74
1752135824869, 235.85493243833346, false, 1, 75
1752135824888, 235.85493243833346, false, 1, 76
1752135824908, 235.85493243833346, false, 1, 77
1752135824928, 235.85493243833346, false, 1, 78
1752135824948, 235.85493243833346, false, 1, 79
1752135824969, 235.85493243833346, false, 1, 80
1752135824988, 235.85493243833346, false, 1, 81
1752135825008, 235.85493243833346, false, 1, 82
1752135825029, 235.85493243833346, false, 1, 83
1752135825049, 235.85493243833346, false, 1, 84
1752135825069, 235.85493243833346, false, 1, 85
1752135825088, 235.85493243833346, false, 1, 86
1752135825108, 235.85493243833346, false, 1, 87
1752135825128, 235.85493243833346, false, 1, 88
1752135825148, 235.85493243833346, false, 1, 89
1752135825168, 235.85493243833346, false, 1, 90
1752135825189, 235.85493243833346, false, 1, 91
1752135825209, 235.85493243833346, false, 1, 92
1752135825228, 235.85493243833346, false, 1, 93
1752135825249, 235.85493243833346, false, 1, 94
1752135825268, 235.85493243833346, false, 1, 95
1752135825289, 235.85493243833346, false, 1, 96
1752135825309, 235.85493243833346, false, 1, 97
1752135825329, 235.85493243833346, false, 1, 98
1752135825349, 235.85493243833346, false, 1, 99
1752135825368, 235.85493243833346, false, 1, 100
1752135825388, 235.85493243833346, false, 1, 101
1752135825409, 235.85493243833346, false, 1, 102
1752135825428, 235.85493243833346, false, 1, 103
1752135825449, 235.85493243833346, false, 1, 104
1752135825468, 235.85493243833346, false, 1, 105
1752135825488, 235.85493243833346, false, 1, 106
1752135825509, 235.85493243833346, false, 1, 107
1752135825529, 235.85493243833346, false, 1, 108
1752135825548, 235.85493243833346, false, 1, 109
1752135825568, 235.85493243833346, false, 1, 110
1752135825588, 235.85493243833346, false, 1, 111
1752135825608, 235.85493243833346, false, 1, 112
1752135825629, 235.85493243833346, false, 1, 113
1752135825640, 235.85493243833346, false, 1, 114
1752135825662, 235.85493243833346, false, 1, 115
1752135825718, 235.85493243833346, false, 1, 116
1752135825751, 235.85493243833346, false, 1, 117
1752135825771, 235.85493243833346, false, 1, 118
1752135825791, 235.85493243833346, false, 1, 119
1752135825811, 235.85493243833346, false, 1, 120
1752135825831, 235.85493243833346, false, 1, 121
1752135825851, 235.85493243833346, false, 1, 122
1752135825871, 235.85493243833346, false, 1, 123
1752135825891, 235.85493243833346, false, 1, 124
1752135825911, 235.85493243833346, false, 1, 125
1752135825931, 235.85493243833346, false, 1, 126
1752135825951, 235.85493243833346, false, 1, 127
1752135825971, 235.85493243833346, false, 1, 128
1752135825991, 235.85493243833346, false, 1, 129
1752135826011, 235.85493243833346, false, 1, 130
1752135826031, 235.85493243833346, false, 1, 131
1752135826069, 235.85493243833346, false, 1, 132
1752135826088, 235.82714722878984, false, 1, 133
1752135826108, 235.85493243833346, false, 1, 134
1752135826128, 235.85493243833346, false, 1, 135
1752135826149, 235.85493243833346, false, 1, 136
1752135826169, 235.85493243833346, false, 1, 137
1752135826188, 235.85493243833346, false, 1, 138
1752135826208, 235.85493243833346, false, 1, 139
1752135826228, 235.85493243833346, false, 1, 140
1752135826248, 235.85493243833346, false, 1, 141
1752135826269, 235.85493243833346, false, 1, 142
1752135826288, 235.85493243833346, false, 1, 143
1752135826307, 235.85493243833346, false, 1, 144
1752135826327, 235.85493243833346, false, 1, 145
1752135826347, 235.85493243833346, false, 1, 146
1752135826369, 235.85493243833346, false, 1, 147
1752135826382, 235.85493243833346, false, 1, 148
1752135826389, 235.85493243833346, false, 1, 149
1752135826399, 235.85493243833346, false, 1, 150
1752135826401, 235.85493243833346, false, 1, 151
1752135826418, 235.85493243833346, false, 1, 152
1752135826439, 235.82714722878984, false, 1, 153
1752135827043, 235.82714722878984, false, 1, 154
1752135827089, 235.82714722878984, false, 1, 155
1752135827230, 235.743791600159, false, 1, 156
1752135827240, 235.743791600159, false, 1, 157
1752135827362, 235.743791600159, false, 1, 158
1752135827458, 235.743791600159, false, 1, 159
1752135827477, 235.743791600159, false, 1, 160
1752135827486, 235.743791600159, false, 1, 161
1752135827505, 235.743791600159, false, 1, 162
1752135827659, 235.743791600159, false, 1, 163
1752135827667, 235.743791600159, false, 1, 164
1752135827670, 235.743791600159, false, 1, 165
1752135827678, 235.743791600159, false, 1, 166
1752135827686, 235.743791600159, false, 1, 167
1752135827789, 235.743791600159, false, 1, 168
1752135827798, 235.743791600159, false, 1, 169
1752135834215, 235.743791600159, false, 1, 170
1752135834274, 235.743791600159, false, 1, 171
1752135834276, 235.743791600159, false, 1, 172
1752135834284, 235.743791600159, false, 1, 173
1752135834338, 235.743791600159, false, 1, 174
1752135834500, 235.743791600159, false, 1, 175
1752135834563, 235.743791600159, false, 1, 176
1752135834583, 235.743791600159, false, 1, 177
1752135834603, 235.743791600159, false, 1, 178
1752135834622, 235.743791600159, false, 1, 179
1752135834727, 235.743791600159, false, 1, 180
1752135834743, 235.743791600159, false, 1, 181
1752135834763, 235.743791600159, false, 1, 182
1752135834782, 235.743791600159, false, 1, 183
1752135834784, 235.743791600159, false, 1, 184
1752135834802, 235.743791600159, false, 1, 185
1752135834823, 235.743791600159, false, 1, 186
1752135834835, 235.743791600159, false, 1, 187
1752135834865, 235.743791600159, false, 1, 188
1752135834886, 235.743791600159, false, 1, 189
1752135834904, 235.743791600159, false, 1, 190
1752135834924, 235.743791600159, false, 1, 191
1752135834943, 235.743791600159, false, 1, 192
1752135834964, 235.743791600159, false, 1, 193
1752135834984, 235.743791600159, false, 1, 194
1752135835004, 235.743791600159, false, 1, 195
1752135835024, 235.743791600159, false, 1, 196
1752135835044, 235.743791600159, false, 1, 197
1752135835064, 235.743791600159, false, 1, 198
1752135835083, 235.743791600159, false, 1, 199
1752135835103, 235.743791600159, false, 1, 200
1752135835124, 235.743791600159, false, 1, 201
1752135835144, 235.743791600159, false, 1, 202
1752135835163, 235.743791600159, false, 1, 203
1752135835183, 235.743791600159, false, 1, 204
1752135835203, 235.743791600159, false, 1, 205
1752135835223, 235.743791600159, false, 1, 206
1752135835243, 235.743791600159, false, 1, 207
1752135835263, 235.743791600159, false, 1, 208
1752135835283, 235.743791600159, false, 1, 209
1752135835304, 235.743791600159, false, 1, 210
1752135835324, 235.743791600159, false, 1, 211
1752135835344, 235.743791600159, false, 1, 212
1752135835363, 235.743791600159, false, 1, 213
1752135835383, 235.743791600159, false, 1, 214
1752135835404, 235.743791600159, false, 1, 215
1752135835424, 235.743791600159, false, 1, 216
1752135835440, 235.743791600159, false, 1, 217
1752135835504, 235.743791600159, false, 1, 218
1752135835515, 235.743791600159, false, 1, 219
1752135835689, 235.743791600159, false, 1, 220
1752135835696, 235.743791600159, false, 1, 221
1752135835826, 235.743791600159, false, 1, 222
1752135835844, 235.743791600159, false, 1, 223
1752135835863, 235.743791600159, false, 1, 224
1752135835876, 235.743791600159, false, 1, 225
1752135835924, 235.743791600159, false, 1, 226
1752135835943, 235.743791600159, false, 1, 227
1752135835963, 235.743791600159, false, 1, 228
1752135835983, 235.743791600159, false, 1, 229
1752135836003, 235.743791600159, false, 1, 230
1752135836022, 235.743791600159, false, 1, 231
1752135836042, 235.743791600159, false, 1, 232
1752135836062, 235.743791600159, false, 1, 233
1752135836083, 235.743791600159, false, 1, 234
1752135836117, 235.743791600159, false, 1, 235
1752135836691, 235.743791600159, false, 1, 236
1752135836705, 235.743791600159, false, 1, 237
1752135836725, 235.743791600159, false, 1, 238
1752135836744, 235.743791600159, false, 1, 239
1752135836764, 235.743791600159, false, 1, 240
1752135836784, 235.743791600159, false, 1, 241
1752135836804, 235.743791600159, false, 1, 242
1752135836825, 235.743791600159, false, 1, 243
1752135836844, 235.743791600159, false, 1, 244
1752135836865, 235.743791600159, false, 1, 245
1752135836885, 235.743791600159, false, 1, 246
1752135836904, 235.743791600159, false, 1, 247
1752135836924, 235.743791600159, false, 1, 248
1752135836944, 235.743791600159, false, 1, 249
1752135836965, 235.743791600159, false, 1, 250
1752135836985, 235.743791600159, false, 1, 251
1752135837005, 235.743791600159, false, 1, 252
1752135837024, 235.743791600159, false, 1, 253
1752135837045, 235.743791600159, false, 1, 254
1752135837065, 235.743791600159, false, 1, 255
1752135837084, 235.743791600159, false, 1, 256
1752135837105, 235.743791600159, false, 1, 257
1752135837124, 235.743791600159, false, 1, 258
1752135837144, 235.743791600159, false, 1, 259
1752135837164, 235.743791600159, false, 1, 260
1752135837184, 235.743791600159, false, 1, 261
1752135837204, 235.743791600159, false, 1, 262
1752135837224, 235.743791600159, false, 1, 263
1752135837244, 235.743791600159, false, 1, 264
1752135837264, 235.743791600159, false, 1, 265
1752135837284, 235.743791600159, false, 1, 266
1752135837304, 235.743791600159, false, 1, 267
1752135837325, 235.743791600159, false, 1, 268
1752135837345, 235.743791600159, false, 1, 269
1752135837364, 235.743791600159, false, 1, 270
1752135837384, 235.743791600159, false, 1, 271
1752135837405, 235.743791600159, false, 1, 272
1752135837424, 235.743791600159, false, 1, 273
1752135837444, 235.743791600159, false, 1, 274
1752135837464, 235.743791600159, false, 1, 275
1752135837484, 235.743791600159, false, 1, 276
1752135837504, 235.743791600159, false, 1, 277
1752135837525, 235.743791600159, false, 1, 278
1752135837544, 235.743791600159, false, 1, 279
1752135837565, 235.743791600159, false, 1, 280
1752135837584, 235.743791600159, false, 1, 281
1752135837605, 235.743791600159, false, 1, 282
1752135837624, 235.743791600159, false, 1, 283
1752135837644, 235.743791600159, false, 1, 284
1752135837665, 235.743791600159, false, 1, 285
1752135837684, 235.743791600159, false, 1, 286
1752135837705, 235.743791600159, false, 1, 287
1752135837724, 235.743791600159, false, 1, 288
1752135837743, 235.743791600159, false, 1, 289
1752135837764, 235.743791600159, false, 1, 290
1752135837784, 235.743791600159, false, 1, 291
1752135837804, 235.743791600159, false, 1, 292
1752135837823, 235.743791600159, false, 1, 293
1752135837843, 235.743791600159, false, 1, 294
1752135837864, 235.743791600159, false, 1, 295
1752135837883, 235.743791600159, false, 1, 296
1752135837904, 235.743791600159, false, 1, 297
1752135837924, 235.743791600159, false, 1, 298
1752135837943, 235.743791600159, false, 1, 299
1752135837964, 235.743791600159, false, 1, 300
1752135837984, 235.743791600159, false, 1, 301
1752135838004, 235.743791600159, false, 1, 302
1752135838023, 235.743791600159, false, 1, 303
1752135838044, 235.743791600159, false, 1, 304
1752135838063, 235.743791600159, false, 1, 305
1752135838083, 235.743791600159, false, 1, 306
1752135838104, 235.743791600159, false, 1, 307
1752135838123, 235.743791600159, false, 1, 308
1752135838143, 235.743791600159, false, 1, 309
1752135838164, 235.743791600159, false, 1, 310
1752135838184, 235.743791600159, false, 1, 311
1752135838204, 235.743791600159, false, 1, 312
1752135838223, 235.743791600159, false, 1, 313
1752135838244, 235.743791600159, false, 1, 314
1752135838264, 235.743791600159, false, 1, 315
1752135838283, 235.743791600159, false, 1, 316
1752135838304, 235.743791600159, false, 1, 317
1752135838324, 235.743791600159, false, 1, 318
1752135838344, 235.743791600159, false, 1, 319
1752135838364, 235.743791600159, false, 1, 320
1752135838383, 235.743791600159, false, 1, 321
1752135838404, 235.743791600159, false, 1, 322
1752135838424, 235.743791600159, false, 1, 323
1752135838443, 235.743791600159, false, 1, 324
1752135838463, 235.743791600159, false, 1, 325
1752135838483, 235.743791600159, false, 1, 326
1752135838503, 235.743791600159, false, 1, 327
1752135838524, 235.743791600159, false, 1, 328
1752135838544, 235.743791600159, false, 1, 329
1752135838564, 235.743791600159, false, 1, 330
1752135838583, 235.743791600159, false, 1, 331
1752135838603, 235.743791600159, false, 1, 332
1752135838623, 235.743791600159, false, 1, 333
1752135838643, 235.743791600159, false, 1, 334
1752135838663, 235.743791600159, false, 1, 335
1752135838683, 235.743791600159, false, 1, 336
1752135838703, 235.743791600159, false, 1, 337
1752135838723, 235.743791600159, false, 1, 338
1752135838744, 235.743791600159, false, 1, 339
1752135838764, 235.743791600159, false, 1, 340
1752135838783, 235.743791600159, false, 1, 341
1752135838803, 235.743791600159, false, 1, 342
1752135838823, 235.743791600159, false, 1, 343
1752135838844, 235.743791600159, false, 1, 344
1752135838864, 235.743791600159, false, 1, 345
1752135838884, 235.743791600159, false, 1, 346
1752135838904, 235.743791600159, false, 1, 347
1752135838924, 235.743791600159, false, 1, 348
1752135838944, 235.743791600159, false, 1, 349
1752135838964, 235.743791600159, false, 1, 350
1752135838984, 235.743791600159, false, 1, 351
1752135839004, 235.743791600159, false, 1, 352
1752135839023, 235.743791600159, false, 1, 353
1752135839043, 235.743791600159, false, 1, 354
1752135839063, 235.743791600159, false, 1, 355
1752135839083, 235.743791600159, false, 1, 356
1752135839104, 235.743791600159, false, 1, 357
1752135839123, 235.743791600159, false, 1, 358
1752135839144, 235.743791600159, false, 1, 359
1752135839164, 235.743791600159, false, 1, 360
1752135839183, 235.743791600159, false, 1, 361
1752135839204, 235.743791600159, false, 1, 362
1752135839224, 235.743791600159, false, 1, 363
1752135839244, 235.743791600159, false, 1, 364
1752135839264, 235.743791600159, false, 1, 365
1752135839283, 235.743791600159, false, 1, 366
1752135839303, 235.743791600159, false, 1, 367
1752135839324, 235.743791600159, false, 1, 368
1752135839343, 235.743791600159, false, 1, 369
1752135839364, 235.743791600159, false, 1, 370
1752135839383, 235.743791600159, false, 1, 371
1752135839404, 235.743791600159, false, 1, 372
1752135839424, 235.743791600159, false, 1, 373
1752135839443, 235.743791600159, false, 1, 374
1752135839463, 235.743791600159, false, 1, 375
1752135839483, 235.743791600159, false, 1, 376
1752135839504, 235.743791600159, false, 1, 377
1752135839524, 235.743791600159, false, 1, 378
1752135839543, 235.743791600159, false, 1, 379
1752135839564, 235.743791600159, false, 1, 380
1752135839583, 235.743791600159, false, 1, 381
1752135839604, 235.743791600159, false, 1, 382
1752135839624, 235.743791600159, false, 1, 383
1752135839644, 235.743791600159, false, 1, 384
1752135839663, 235.743791600159, false, 1, 385
1752135839683, 235.743791600159, false, 1, 386
1752135839704, 235.743791600159, false, 1, 387
1752135839723, 235.743791600159, false, 1, 388
1752135839743, 235.743791600159, false, 1, 389
1752135839764, 235.743791600159, false, 1, 390
1752135839784, 235.743791600159, false, 1, 391
1752135839804, 235.743791600159, false, 1, 392
1752135839824, 235.743791600159, false, 1, 393
1752135839843, 235.743791600159, false, 1, 394
1752135839863, 235.743791600159, false, 1, 395
1752135839883, 235.743791600159, false, 1, 396
1752135839903, 235.743791600159, false, 1, 397
1752135839924, 235.743791600159, false, 1, 398
1752135839943, 235.743791600159, false, 1, 399
1752135839964, 235.743791600159, false, 1, 400
1752135839984, 235.743791600159, false, 1, 401
1752135840003, 235.743791600159, false, 1, 402
1752135840022, 235.743791600159, false, 1, 403
1752135840042, 235.743791600159, false, 1, 404
1752135840062, 235.743791600159, false, 1, 405
1752135840083, 235.743791600159, false, 1, 406
1752135840102, 235.743791600159, false, 1, 407
1752135840122, 235.743791600159, false, 1, 408
1752135840142, 235.743791600159, false, 1, 409
1752135840163, 235.743791600159, false, 1, 410
1752135840183, 235.743791600159, false, 1, 411
1752135840202, 235.743791600159, false, 1, 412
1752135840223, 235.743791600159, false, 1, 413
1752135840243, 235.743791600159, false, 1, 414
1752135840263, 235.743791600159, false, 1, 415
1752135840282, 235.743791600159, false, 1, 416
1752135840303, 235.743791600159, false, 1, 417
1752135840322, 235.743791600159, false, 1, 418
1752135840342, 235.743791600159, false, 1, 419
1752135840363, 235.743791600159, false, 1, 420
1752135840382, 235.743791600159, false, 1, 421
1752135840402, 235.743791600159, false, 1, 422
1752135840422, 235.743791600159, false, 1, 423
1752135840443, 235.743791600159, false, 1, 424
1752135840463, 235.743791600159, false, 1, 425
1752135840482, 235.743791600159, false, 1, 426
1752135840503, 235.743791600159, false, 1, 427
1752135840522, 235.743791600159, false, 1, 428
1752135840543, 235.743791600159, false, 1, 429
1752135840563, 235.743791600159, false, 1, 430
1752135840583, 235.743791600159, false, 1, 431
1752135840602, 235.743791600159, false, 1, 432
1752135840623, 235.743791600159, false, 1, 433
1752135840643, 235.743791600159, false, 1, 434
1752135840662, 235.743791600159, false, 1, 435
1752135840682, 235.743791600159, false, 1, 436
1752135840703, 235.743791600159, false, 1, 437
1752135840722, 235.743791600159, false, 1, 438
1752135840742, 235.743791600159, false, 1, 439
1752135840762, 235.743791600159, false, 1, 440
1752135840782, 235.743791600159, false, 1, 441
1752135840802, 235.743791600159, false, 1, 442
1752135840822, 235.743791600159, false, 1, 443
1752135840842, 235.743791600159, false, 1, 444
1752135840862, 235.743791600159, false, 1, 445
1752135840883, 235.743791600159, false, 1, 446
1752135840903, 235.743791600159, false, 1, 447
1752135840922, 235.743791600159, false, 1, 448
1752135840943, 235.743791600159, false, 1, 449
1752135840962, 235.743791600159, false, 1, 450
1752135840983, 235.743791600159, false, 1, 451
1752135841003, 235.743791600159, false, 1, 452
1752135841023, 235.743791600159, false, 1, 453
1752135841042, 235.743791600159, false, 1, 454
1752135841063, 235.743791600159, false, 1, 455
1752135841083, 235.743791600159, false, 1, 456
1752135841103, 235.743791600159, false, 1, 457
1752135841122, 235.743791600159, false, 1, 458
1752135841142, 235.743791600159, false, 1, 459
1752135841163, 235.743791600159, false, 1, 460
1752135841182, 235.743791600159, false, 1, 461
1752135841203, 235.743791600159, false, 1, 462
1752135841223, 235.743791600159, false, 1, 463
1752135841243, 235.743791600159, false, 1, 464
1752135841262, 235.743791600159, false, 1, 465
1752135841282, 235.743791600159, false, 1, 466
1752135841302, 235.743791600159, false, 1, 467
1752135841323, 235.743791600159, false, 1, 468
1752135841342, 235.743791600159, false, 1, 469
1752135841363, 235.743791600159, false, 1, 470
1752135841383, 235.743791600159, false, 1, 471
1752135841403, 235.743791600159, false, 1, 472
1752135841423, 235.743791600159, false, 1, 473
1752135841443, 235.743791600159, false, 1, 474
1752135841462, 235.743791600159, false, 1, 475
1752135841483, 235.743791600159, false, 1, 476
1752135841503, 235.743791600159, false, 1, 477
1752135841523, 235.743791600159, false, 1, 478
1752135841543, 235.743791600159, false, 1, 479
1752135841563, 235.743791600159, false, 1, 480
1752135841583, 235.743791600159, false, 1, 481
1752135841603, 235.743791600159, false, 1, 482
1752135841623, 235.743791600159, false, 1, 483
1752135841643, 235.743791600159, false, 1, 484
1752135841663, 235.743791600159, false, 1, 485
1752135841683, 235.743791600159, false, 1, 486
1752135841703, 235.743791600159, false, 1, 487
1752135841723, 235.743791600159, false, 1, 488
1752135841742, 235.743791600159, false, 1, 489
1752135841763, 235.743791600159, false, 1, 490
1752135841783, 235.743791600159, false, 1, 491
1752135841803, 235.743791600159, false, 1, 492
1752135841823, 235.743791600159, false, 1, 493
1752135841843, 235.743791600159, false, 1, 494
1752135841863, 235.743791600159, false, 1, 495
1752135841883, 235.743791600159, false, 1, 496
1752135841902, 235.743791600159, false, 1, 497
1752135841923, 235.743791600159, false, 1, 498
1752135841942, 235.743791600159, false, 1, 499
1752135841962, 235.743791600159, false, 1, 500
1752135841983, 235.743791600159, false, 1, 501
1752135842003, 235.743791600159, false, 1, 502
1752135842023, 235.743791600159, false, 1, 503
1752135842043, 235.743791600159, false, 1, 504
1752135842062, 235.743791600159, false, 1, 505
1752135842083, 235.743791600159, false, 1, 506
1752135842103, 235.743791600159, false, 1, 507
1752135842123, 235.743791600159, false, 1, 508
1752135842143, 235.743791600159, false, 1, 509
1752135842163, 235.743791600159, false, 1, 510
1752135842183, 235.743791600159, false, 1, 511
1752135842203, 235.743791600159, false, 1, 512
1752135842223, 235.743791600159, false, 1, 513
1752135842243, 235.743791600159, false, 1, 514
1752135842263, 235.743791600159, false, 1, 515
1752135842283, 235.743791600159, false, 1, 516
1752135842303, 235.743791600159, false, 1, 517
1752135842322, 235.743791600159, false, 1, 518
1752135842342, 235.743791600159, false, 1, 519
1752135842362, 235.743791600159, false, 1, 520
1752135842382, 235.743791600159, false, 1, 521
1752135842402, 235.743791600159, false, 1, 522
1752135842423, 235.743791600159, false, 1, 523
1752135842443, 235.743791600159, false, 1, 524
1752135842462, 235.743791600159, false, 1, 525
1752135842482, 235.743791600159, false, 1, 526
1752135842502, 235.743791600159, false, 1, 527
1752135842522, 235.743791600159, false, 1, 528
1752135842543, 235.743791600159, false, 1, 529
1752135842563, 235.743791600159, false, 1, 530
1752135842583, 235.743791600159, false, 1, 531
1752135842602, 235.743791600159, false, 1, 532
1752135842622, 235.743791600159, false, 1, 533
1752135842643, 235.743791600159, false, 1, 534
1752135842662, 235.743791600159, false, 1, 535
1752135842682, 235.743791600159, false, 1, 536
1752135842703, 235.743791600159, false, 1, 537
1752135842723, 235.743791600159, false, 1, 538
1752135842742, 235.743791600159, false, 1, 539
1752135842762, 235.743791600159, false, 1, 540
1752135842783, 235.743791600159, false, 1, 541
1752135842802, 235.743791600159, false, 1, 542
1752135842823, 235.743791600159, false, 1, 543
1752135842843, 235.743791600159, false, 1, 544
1752135842863, 235.743791600159, false, 1, 545
1752135842882, 235.743791600159, false, 1, 546
1752135842902, 235.743791600159, false, 1, 547
1752135842922, 235.743791600159, false, 1, 548
1752135842943, 235.743791600159, false, 1, 549
1752135842962, 235.743791600159, false, 1, 550
1752135842983, 235.743791600159, false, 1, 551
1752135843003, 235.743791600159, false, 1, 552
1752135843023, 235.743791600159, false, 1, 553
1752135843043, 235.743791600159, false, 1, 554
1752135843062, 235.743791600159, false, 1, 555
1752135843083, 235.743791600159, false, 1, 556
1752135843103, 235.743791600159, false, 1, 557
1752135843123, 235.743791600159, false, 1, 558
1752135843143, 235.743791600159, false, 1, 559
1752135843163, 235.743791600159, false, 1, 560
1752135843183, 235.743791600159, false, 1, 561
1752135843202, 235.743791600159, false, 1, 562
1752135843223, 235.743791600159, false, 1, 563
1752135843243, 235.743791600159, false, 1, 564
1752135843263, 235.743791600159, false, 1, 565
1752135843283, 235.743791600159, false, 1, 566
1752135843303, 235.743791600159, false, 1, 567
1752135843322, 235.79936201924625, false, 1, 568
1752135843342, 235.743791600159, false, 1, 569
1752135843363, 235.743791600159, false, 1, 570
1752135843383, 235.743791600159, false, 1, 571
1752135843403, 235.743791600159, false, 1, 572
1752135843423, 235.743791600159, false, 1, 573
1752135843442, 235.743791600159, false, 1, 574
1752135843463, 235.743791600159, false, 1, 575
1752135843482, 235.743791600159, false, 1, 576
1752135843503, 235.743791600159, false, 1, 577
1752135843523, 235.82714722878984, false, 1, 578
1752135843542, 236.02164369559512, false, 1, 579
1752135843563, 236.02164369559512, false, 1, 580
1752135843583, 235.96607327650793, false, 1, 581
1752135843603, 235.96607327650793, false, 1, 582
1752135843622, 235.91050285742068, false, 1, 583
1752135843643, 235.82714722878984, false, 1, 584
1752135843663, 235.79936201924625, false, 1, 585
1752135843683, 235.743791600159, false, 1, 586
1752135843702, 235.743791600159, false, 1, 587
1752135843723, 235.743791600159, false, 1, 588
1752135843742, 235.743791600159, false, 1, 589
1752135843762, 235.743791600159, false, 1, 590
1752135843783, 235.743791600159, false, 1, 591
1752135843802, 235.743791600159, false, 1, 592
1752135843823, 235.743791600159, false, 1, 593
1752135843843, 235.743791600159, false, 1, 594
1752135843862, 235.743791600159, false, 1, 595
1752135843883, 235.743791600159, false, 1, 596
1752135843903, 235.743791600159, false, 1, 597
1752135843923, 235.743791600159, false, 1, 598
1752135843943, 235.743791600159, false, 1, 599
1752135843962, 235.743791600159, false, 1, 600
1752135843982, 235.743791600159, false, 1, 601
1752135844002, 235.743791600159, false, 1, 602
1752135844022, 235.743791600159, false, 1, 603
1752135844042, 235.743791600159, false, 1, 604
1752135844062, 235.743791600159, false, 1, 605
1752135844083, 235.743791600159, false, 1, 606
1752135844103, 235.743791600159, false, 1, 607
1752135844122, 235.743791600159, false, 1, 608
1752135844142, 235.743791600159, false, 1, 609
1752135844162, 235.743791600159, false, 1, 610
1752135844183, 235.743791600159, false, 1, 611
1752135844203, 235.743791600159, false, 1, 612
1752135844222, 235.743791600159, false, 1, 613
1752135844242, 235.743791600159, false, 1, 614
1752135844263, 235.743791600159, false, 1, 615
1752135844282, 235.743791600159, false, 1, 616
1752135844304, 235.743791600159, false, 1, 617
1752135844323, 235.743791600159, false, 1, 618
1752135844343, 235.743791600159, false, 1, 619
1752135844364, 235.743791600159, false, 1, 620
1752135844383, 235.743791600159, false, 1, 621
1752135844404, 235.743791600159, false, 1, 622
1752135844423, 235.743791600159, false, 1, 623
1752135844443, 235.743791600159, false, 1, 624
1752135844463, 235.743791600159, false, 1, 625
1752135844483, 235.743791600159, false, 1, 626
1752135844503, 235.743791600159, false, 1, 627
1752135844523, 235.743791600159, false, 1, 628
1752135844544, 235.743791600159, false, 1, 629
1752135844564, 235.743791600159, false, 1, 630
1752135844584, 235.743791600159, false, 1, 631
1752135844603, 235.743791600159, false, 1, 632
1752135844623, 235.743791600159, false, 1, 633
1752135844643, 235.743791600159, false, 1, 634
1752135844663, 235.743791600159, false, 1, 635
1752135844683, 235.743791600159, false, 1, 636
1752135844703, 235.743791600159, false, 1, 637
1752135844723, 235.743791600159, false, 1, 638
1752135844743, 235.743791600159, false, 1, 639
1752135844763, 235.743791600159, false, 1, 640
1752135844784, 235.743791600159, false, 1, 641
1752135844803, 235.743791600159, false, 1, 642
1752135844823, 235.743791600159, false, 1, 643
1752135844844, 235.743791600159, false, 1, 644
1752135844863, 235.743791600159, false, 1, 645
1752135844884, 235.743791600159, false, 1, 646
1752135844903, 235.743791600159, false, 1, 647
1752135844923, 235.743791600159, false, 1, 648
1752135844943, 235.743791600159, false, 1, 649
1752135844964, 235.743791600159, false, 1, 650
1752135844984, 235.743791600159, false, 1, 651
1752135845003, 235.743791600159, false, 1, 652
1752135845023, 235.743791600159, false, 1, 653
1752135845043, 235.743791600159, false, 1, 654
1752135845063, 235.743791600159, false, 1, 655
1752135845083, 235.743791600159, false, 1, 656
1752135845103, 235.743791600159, false, 1, 657
1752135845123, 235.743791600159, false, 1, 658
1752135845143, 235.743791600159, false, 1, 659
1752135845163, 235.743791600159, false, 1, 660
1752135845183, 235.743791600159, false, 1, 661
1752135845204, 235.743791600159, false, 1, 662
1752135845223, 235.743791600159, false, 1, 663
1752135845243, 235.743791600159, false, 1, 664
1752135845263, 235.743791600159, false, 1, 665
1752135845284, 235.743791600159, false, 1, 666
1752135845304, 235.743791600159, false, 1, 667
1752135845324, 235.743791600159, false, 1, 668
1752135845344, 235.743791600159, false, 1, 669
1752135845364, 235.743791600159, false, 1, 670
1752135845384, 235.743791600159, false, 1, 671
1752135845404, 235.743791600159, false, 1, 672
1752135845423, 235.743791600159, false, 1, 673
1752135845443, 235.743791600159, false, 1, 674
1752135845464, 235.743791600159, false, 1, 675
1752135845484, 235.743791600159, false, 1, 676
1752135845504, 235.743791600159, false, 1, 677
1752135845524, 235.743791600159, false, 1, 678
1752135845543, 235.743791600159, false, 1, 679
1752135845563, 235.743791600159, false, 1, 680
1752135845584, 235.743791600159, false, 1, 681
1752135845603, 235.743791600159, false, 1, 682
1752135845623, 235.743791600159, false, 1, 683
1752135845643, 235.743791600159, false, 1, 684
1752135845663, 235.743791600159, false, 1, 685
1752135845683, 235.743791600159, false, 1, 686
1752135845703, 235.743791600159, false, 1, 687
1752135845723, 235.743791600159, false, 1, 688
1752135845743, 235.743791600159, false, 1, 689
1752135845763, 235.743791600159, false, 1, 690
1752135845783, 235.743791600159, false, 1, 691
1752135845803, 235.743791600159, false, 1, 692
1752135845824, 235.743791600159, false, 1, 693
1752135845844, 235.743791600159, false, 1, 694
1752135845863, 235.743791600159, false, 1, 695
1752135845883, 235.743791600159, false, 1, 696
1752135845903, 235.743791600159, false, 1, 697
1752135845923, 235.743791600159, false, 1, 698
1752135845943, 235.79936201924625, false, 1, 699
1752135845963, 235.79936201924625, false, 1, 700
1752135845983, 235.79936201924625, false, 1, 701
1752135846004, 235.79936201924625, false, 1, 702
1752135846024, 235.79936201924625, false, 1, 703
1752135846044, 235.79936201924625, false, 1, 704
1752135846064, 235.79936201924625, false, 1, 705
1752135846084, 235.79936201924625, false, 1, 706
1752135846103, 235.79936201924625, false, 1, 707
1752135846123, 235.79936201924625, false, 1, 708
1752135846143, 235.743791600159, false, 1, 709
1752135846163, 235.743791600159, false, 1, 710
1752135846183, 235.743791600159, false, 1, 711
1752135846203, 235.743791600159, false, 1, 712
1752135846223, 235.743791600159, false, 1, 713
1752135846244, 235.743791600159, false, 1, 714
1752135846263, 235.743791600159, false, 1, 715
1752135846283, 235.743791600159, false, 1, 716
1752135846304, 235.743791600159, false, 1, 717
1752135846324, 235.743791600159, false, 1, 718
1752135846343, 235.68822118107178, false, 1, 719
1752135846363, 235.68822118107178, false, 1, 720
1752135846384, 235.18808740928677, false, 1, 721
1752135846403, 234.9935909424815, false, 1, 722
1752135846424, 234.85466489476343, false, 1, 723
1752135846443, 234.85466489476343, false, 1, 724
1752135846465, 234.85466489476343, false, 1, 725
1752135846484, 234.85466489476343, false, 1, 726
1752135846504, 234.85466489476343, false, 1, 727
1752135846524, 234.85466489476343, false, 1, 728
1752135846544, 234.85466489476343, false, 1, 729
1752135846565, 234.85466489476343, false, 1, 730
1752135846585, 234.85466489476343, false, 1, 731
1752135846604, 234.85466489476343, false, 1, 732
1752135846625, 234.85466489476343, false, 1, 733
1752135846644, 234.85466489476343, false, 1, 734
1752135846665, 234.85466489476343, false, 1, 735
1752135846685, 234.85466489476343, false, 1, 736
1752135846705, 234.85466489476343, false, 1, 737
1752135846725, 234.85466489476343, false, 1, 738
1752135846744, 234.85466489476343, false, 1, 739
1752135846764, 234.85466489476343, false, 1, 740
1752135846785, 234.85466489476343, false, 1, 741
1752135846805, 234.85466489476343, false, 1, 742
1752135846825, 234.85466489476343, false, 1, 743
1752135846844, 234.85466489476343, false, 1, 744
1752135846864, 234.85466489476343, false, 1, 745
1752135846885, 234.85466489476343, false, 1, 746
1752135846905, 234.85466489476343, false, 1, 747
1752135846924, 234.85466489476343, false, 1, 748
1752135846945, 234.85466489476343, false, 1, 749
1752135846964, 234.85466489476343, false, 1, 750
1752135846984, 234.85466489476343, false, 1, 751
1752135847004, 234.49345717069647, false, 1, 752
1752135847025, 234.0766790275423, false, 1, 753
1752135847045, 233.6321156748445, false, 1, 754
1752135847064, 231.85386226405336, false, 1, 755
1752135847084, 230.52017220595997, false, 1, 756
1752135847104, 228.57520753790715, false, 1, 757
1752135847125, 228.4640666997327, false, 1, 758
1752135847145, 228.07507376612213, false, 1, 759
1752135847165, 227.7416512515988, false, 1, 760
1752135847185, 226.79695412711598, false, 1, 761
1752135847205, 226.57467245076708, false, 1, 762
1752135847225, 225.51883448810983, false, 1, 763
1752135847244, 225.01870071632482, false, 1, 764
1752135847264, 225.01870071632482, false, 1, 765
1752135847284, 224.7130634113451, false, 1, 766
1752135847304, 223.5182994009698, false, 1, 767
1752135847325, 223.2960177246209, false, 1, 768
1752135847344, 222.6013874860306, false, 1, 769
1752135847365, 221.96232766652753, false, 1, 770
1752135847384, 220.9620601229575, false, 1, 771
1752135847404, 220.65642281797778, false, 1, 772
1752135847425, 220.40635593208526, false, 1, 773
1752135847445, 219.5172292266897, false, 1, 774
1752135847464, 219.5172292266897, false, 1, 775
1752135847485, 219.04488066444827, false, 1, 776
1752135847505, 217.6834053968113, false, 1, 777
1752135847525, 217.6834053968113, false, 1, 778
1752135847545, 216.82206390095934, false, 1, 779
1752135847565, 216.01629282419458, false, 1, 780
1752135847585, 215.57172947149678, false, 1, 781
1752135847605, 214.96045486153733, false, 1, 782
1752135847625, 214.4047506706651, false, 1, 783
1752135847644, 213.68233522253118, false, 1, 784
1752135847665, 213.68233522253118, false, 1, 785
1752135847685, 213.09884582211532, false, 1, 786
1752135847704, 211.8485113926528, false, 1, 787
1752135847724, 211.8485113926528, false, 1, 788
1752135847745, 211.65401492584752, false, 1, 789
1752135847764, 211.51508887812946, false, 1, 790
1752135847785, 211.01495510634444, false, 1, 791
1752135847805, 210.7093178013647, false, 1, 792
1752135847825, 210.4592509154722, false, 1, 793
1752135847844, 210.12582840094888, false, 1, 794
1752135847864, 210.12582840094888, false, 1, 795
1752135847884, 210.09804319140525, false, 1, 796
1752135847904, 210.12582840094888, false, 1, 797
1752135847924, 210.12582840094888, false, 1, 798
1752135847944, 210.1813988200361, false, 1, 799
1752135847965, 210.1813988200361, false, 1, 800
1752135847984, 210.79267342999555, false, 1, 801
1752135848005, 212.01522264991445, false, 1, 802
1752135848025, 213.62676480344396, false, 1, 803
1752135848044, 214.2380394134034, false, 1, 804
1752135848065, 215.23830695697347, false, 1, 805
1752135848084, 216.5164265959796, false, 1, 806
1752135848105, 221.35105305656808, false, 1, 807
1752135848124, 222.93481000055394, false, 1, 808
1752135848144, 224.68527820180148, false, 1, 809
1752135848166, 227.01923580346488, false, 1, 810
1752135848186, 228.63077795699436, false, 1, 811
1752135848204, 228.63077795699436, false, 1, 812
1752135848225, 228.63077795699436, false, 1, 813
1752135848245, 228.68634837608158, false, 1, 814
1752135848265, 228.68634837608158, false, 1, 815
1752135848285, 230.02003843417498, false, 1, 816
1752135848306, 230.7424538823089, false, 1, 817
1752135848326, 231.46486933044278, false, 1, 818
1752135848345, 231.46486933044278, false, 1, 819
1752135848365, 231.40929891135556, false, 1, 820
1752135848386, 231.40929891135556, false, 1, 821
1752135848405, 231.46486933044278, false, 1, 822
1752135848426, 231.46486933044278, false, 1, 823
1752135848445, 231.46486933044278, false, 1, 824
1752135848465, 231.46486933044278, false, 1, 825
1752135848486, 231.46486933044278, false, 1, 826
1752135848506, 231.46486933044278, false, 1, 827
1752135848526, 231.46486933044278, false, 1, 828
1752135848545, 231.52043974953, false, 1, 829
1752135848565, 231.63158058770446, false, 1, 830
1752135848585, 231.63158058770446, false, 1, 831
1752135848605, 231.68715100679168, false, 1, 832
1752135848626, 231.68715100679168, false, 1, 833
1752135848645, 231.7427214258789, false, 1, 834
1752135848665, 231.85386226405336, false, 1, 835
1752135848686, 231.9650031022278, false, 1, 836
1752135848706, 232.90970022671058, false, 1, 837
1752135848726, 232.90970022671058, false, 1, 838
1752135848745, 233.07641148397227, false, 1, 839
1752135848765, 233.29869316032116, false, 1, 840
1752135848786, 234.02110860845508, false, 1, 841
1752135848806, 234.43788675160926, false, 1, 842
1752135848826, 234.7990944756762, false, 1, 843
1752135848845, 235.02137615202508, false, 1, 844
1752135848865, 235.16030219974317, false, 1, 845
1752135848885, 235.68822118107178, false, 1, 846
1752135848905, 236.74405914372903, false, 1, 847
1752135848926, 237.74432668729906, false, 1, 848
1752135848946, 238.7168090213255, false, 1, 849
1752135848965, 239.85600261261357, false, 1, 850
1752135848985, 242.69009398606198, false, 1, 851
1752135849005, 243.8570727868937, false, 1, 852
1752135849025, 244.96848116863816, false, 1, 853
1752135849046, 244.96848116863816, false, 1, 854
1752135849065, 244.96848116863816, false, 1, 855
1752135849086, 245.02405158772538, false, 1, 856
1752135849106, 245.5797830993543, false, 1, 857
1752135849125, 245.5797830993543, false, 1, 858
1752135849145, 245.82988072109805, false, 1, 859
1752135849165, 246.246710090671, false, 1, 860
1752135849186, 246.35786458922382, false, 1, 861
1752135849205, 246.69132808488217, false, 1, 862
1752135849226, 246.96921433126414, false, 1, 863
1752135849246, 247.58056407330446, false, 1, 864
1752135849265, 247.74729582113366, false, 1, 865
1752135849286, 247.85845031968643, false, 1, 866
1752135849306, 247.91402756896284, false, 1, 867
1752135849326, 247.91402756896284, false, 1, 868
1752135849345, 248.10854794143023, false, 1, 869
1752135849366, 248.69210905883233, false, 1, 870
1752135849385, 248.9699953052143, false, 1, 871
1752135849405, 249.55355642261645, false, 1, 872
1752135849425, 250.08154029074217, false, 1, 873
1752135849446, 251.35981702409924, false, 1, 874
1752135849465, 251.6932805197576, false, 1, 875
1752135849485, 252.6936710067327, false, 1, 876
1752135849505, 254.13867948791892, false, 1, 877
1752135849526, 254.13867948791892, false, 1, 878
1752135849546, 254.69445198068286, false, 1, 879
1752135849565, 255.63926521838158, false, 1, 880
1752135849586, 256.2506149604219, false, 1, 881
1752135849605, 256.97311920101504, false, 1, 882
1752135849625, 257.64004619233174, false, 1, 883
1752135849646, 259.14063192279434, false, 1, 884
1752135849666, 259.25178642134716, false, 1, 885
1752135849685, 260.19659965904583, false, 1, 886
1752135849705, 260.36333140687503, false, 1, 887
1752135849726, 260.36333140687503, false, 1, 888
1752135849766, 260.7523721518098, false, 1, 889
1752135849786, 261.4748763924029, false, 1, 890
1752135849826, 261.7527626387849, false, 1, 891
1752135849846, 262.41968963010163, false, 1, 892
1752135850066, 262.7716788755188, false, 1, 893
1752135850085, 262.9198848735891, false, 1, 894
1752135850105, 262.9198848735891, false, 1, 895
1752135850186, 263.0032507475038, false, 1, 896
1752135850206, 263.3645028678003, false, 1, 897
1752135850286, 263.80912086201147, false, 1, 898
1752135850306, 264.6983568504337, false, 1, 899
1752135850447, 266.8288180726955, false, 1, 900
1752135850566, 269.92261828241476, false, 1, 901
1752135851786, 285.10755783470944, true, 1, 902
